-- phpMyAdmin SQL Dump
-- version 4.9.0.1
-- https://www.phpmyadmin.net/
--
-- Servidor: 127.0.0.1
-- Tiempo de generación: 27-03-2020 a las 02:39:45
-- Versión del servidor: 10.4.6-MariaDB
-- Versión de PHP: 7.3.9

SET FOREIGN_KEY_CHECKS=0;
SET SQL_MODE = "NO_AUTO_VALUE_ON_ZERO";
SET AUTOCOMMIT = 0;
START TRANSACTION;
SET time_zone = "+00:00";


/*!40101 SET @OLD_CHARACTER_SET_CLIENT=@@CHARACTER_SET_CLIENT */;
/*!40101 SET @OLD_CHARACTER_SET_RESULTS=@@CHARACTER_SET_RESULTS */;
/*!40101 SET @OLD_COLLATION_CONNECTION=@@COLLATION_CONNECTION */;
/*!40101 SET NAMES utf8mb4 */;

--
-- Base de datos: `coronavirus`
--

-- --------------------------------------------------------

--
-- Estructura de tabla para la tabla `caso`
--

CREATE TABLE `caso` (
  `id` int(103) NOT NULL,
  `heroe_id` int(20) NOT NULL,
  `created_at` timestamp NOT NULL DEFAULT current_timestamp()
) ENGINE=InnoDB DEFAULT CHARSET=latin1;

--
-- Volcado de datos para la tabla `caso`
--

INSERT INTO `caso` (`id`, `heroe_id`, `created_at`) VALUES
(1, 1, '2020-03-27 01:34:34'),
(2, 1, '2020-03-27 01:34:34'),
(3, 1, '2020-03-27 01:34:47'),
(4, 1, '2020-03-27 01:34:47'),
(5, 1, '2020-03-27 01:34:57'),
(6, 1, '2020-03-27 01:34:57'),
(7, 1, '2020-03-27 01:35:04'),
(8, 1, '2020-03-27 01:35:04'),
(9, 1, '2020-03-27 01:35:11'),
(10, 1, '2020-03-27 01:35:11'),
(11, 2, '2020-03-27 01:35:18'),
(12, 2, '2020-03-27 01:35:18'),
(13, 2, '2020-03-27 01:34:34'),
(14, 2, '2020-03-27 01:34:34'),
(15, 2, '2020-03-27 01:34:47'),
(16, 2, '2020-03-27 01:34:47'),
(17, 3, '2020-03-27 01:34:57'),
(18, 3, '2020-03-27 01:34:57'),
(19, 3, '2020-03-27 01:35:04'),
(20, 3, '2020-03-27 01:35:04'),
(21, 3, '2020-03-27 01:35:11'),
(22, 3, '2020-03-27 01:35:11'),
(23, 3, '2020-03-27 01:35:18'),
(24, 4, '2020-03-27 01:35:18'),
(25, 4, '2020-03-27 01:35:18'),
(26, 4, '2020-03-27 01:35:18'),
(27, 4, '2020-03-27 01:35:18'),
(28, 4, '2020-03-27 01:35:18'),
(29, 4, '2020-03-27 01:35:18'),
(30, 4, '2020-03-27 01:35:18'),
(31, 4, '2020-03-27 01:35:18'),
(32, 4, '2020-03-27 01:35:18'),
(33, 5, '2020-03-27 01:35:18'),
(34, 5, '2020-03-27 01:35:18'),
(35, 5, '2020-03-27 01:35:18'),
(36, 5, '2020-03-27 01:35:18'),
(37, 5, '2020-03-27 01:35:18'),
(38, 6, '2020-03-27 01:35:18'),
(39, 6, '2020-03-27 01:35:18'),
(40, 6, '2020-03-27 01:35:18'),
(41, 6, '2020-03-27 01:35:18'),
(42, 6, '2020-03-27 01:35:18'),
(43, 6, '2020-03-27 01:35:18'),
(44, 6, '2020-03-27 01:35:18'),
(45, 7, '2020-03-27 01:35:18'),
(46, 7, '2020-03-27 01:35:18'),
(47, 7, '2020-03-27 01:35:18'),
(48, 7, '2020-03-27 01:35:18'),
(49, 8, '2020-03-27 01:35:18'),
(50, 8, '2020-03-27 01:35:18'),
(51, 8, '2020-03-27 01:35:18'),
(52, 8, '2020-03-27 01:35:18'),
(53, 9, '2020-03-27 01:35:18'),
(54, 9, '2020-03-27 01:35:18'),
(55, 9, '2020-03-27 01:35:18'),
(56, 9, '2020-03-27 01:35:18'),
(57, 10, '2020-03-27 01:35:18'),
(58, 10, '2020-03-27 01:35:18'),
(59, 10, '2020-03-27 01:35:18'),
(60, 10, '2020-03-27 01:35:18'),
(61, 11, '2020-03-27 01:35:18'),
(62, 11, '2020-03-27 01:35:18'),
(63, 11, '2020-03-27 01:35:18'),
(64, 11, '2020-03-27 01:35:18'),
(65, 12, '2020-03-27 01:35:18'),
(66, 12, '2020-03-27 01:35:18'),
(67, 12, '2020-03-27 01:35:18'),
(68, 12, '2020-03-27 01:35:18'),
(69, 13, '2020-03-27 01:35:18'),
(70, 13, '2020-03-27 01:35:18'),
(71, 13, '2020-03-27 01:35:18'),
(72, 13, '2020-03-27 01:35:18'),
(73, 13, '2020-03-27 01:35:18'),
(74, 14, '2020-03-27 01:35:18'),
(75, 14, '2020-03-27 01:35:18'),
(76, 14, '2020-03-27 01:35:18'),
(77, 14, '2020-03-27 01:35:18'),
(78, 15, '2020-03-27 01:35:18'),
(79, 15, '2020-03-27 01:35:18'),
(80, 15, '2020-03-27 01:35:18'),
(81, 16, '2020-03-27 01:35:18'),
(82, 16, '2020-03-27 01:35:18'),
(83, 16, '2020-03-27 01:35:18'),
(84, 16, '2020-03-27 01:35:18'),
(85, 16, '2020-03-27 01:35:18'),
(86, 17, '2020-03-27 01:35:18'),
(87, 17, '2020-03-27 01:35:18'),
(88, 17, '2020-03-27 01:35:18'),
(89, 17, '2020-03-27 01:35:18'),
(90, 18, '2020-03-27 01:35:18'),
(91, 18, '2020-03-27 01:35:18'),
(92, 18, '2020-03-27 01:35:18'),
(93, 18, '2020-03-27 01:35:18'),
(94, 18, '2020-03-27 01:35:18'),
(95, 18, '2020-03-27 01:35:18'),
(96, 19, '2020-03-27 01:35:18'),
(97, 19, '2020-03-27 01:35:18'),
(98, 19, '2020-03-27 01:35:18'),
(99, 19, '2020-03-27 01:35:18'),
(100, 19, '2020-03-27 01:35:18'),
(101, 19, '2020-03-27 01:35:18'),
(102, 20, '2020-03-27 01:35:18'),
(103, 20, '2020-03-27 01:35:18');

-- --------------------------------------------------------

--
-- Estructura de tabla para la tabla `estado`
--

CREATE TABLE `pelicula` (
  `id` int(24) NOT NULL,
  `nombre` varchar(100) NOT NULL
) ENGINE=InnoDB DEFAULT CHARSET=latin1;

--
-- Volcado de datos para la tabla `estado`
--

INSERT INTO `pelicula` (`id`, `nombre`) VALUES
(1, 'IronMan'),
(2, 'Hulk'),
(3, 'Thor'),
(4, 'CapAmerica'),
(5, 'IronMan2'),
(6, 'Avengers'),
(7, 'IronMan3'),
(8, 'Thor2'),
(9, 'Capamerica2'),
(10, 'Guardianes Galaxia'),
(11, 'Avengers2'),
(12, 'AntMan'),
(13, 'CapAmerica3'),
(14, 'DoctorStrange'),
(15, 'GuardianesGalaxia2'),
(16, 'SpiderMan'),
(17, 'Thor3'),
(18, 'BlackPanther'),
(19, 'Avengers3'),
(20, 'AntMan2'),
(21, 'CapMarvel'),
(22, 'Avengers4'),
(23, 'SpiderMan2');

-- --------------------------------------------------------

--
-- Estructura de tabla para la tabla `lugar`
--

CREATE TABLE `heroe` (
  `id` int(20) NOT NULL,
  `nombre` varchar(100) NOT NULL
) ENGINE=InnoDB DEFAULT CHARSET=latin1;

--
-- Volcado de datos para la tabla `lugar`
--

INSERT INTO `heroe` (`id`, `nombre`) VALUES
(1, 'IronMan'),
(2, 'Hulk'),
(3, 'Thor'),
(4, 'CapAmerica'),
(5, 'Hawkeye'),
(6, 'BlackWidow'),
(7, 'Drax'),
(8, 'StarLord'),
(9, 'Gamora'),
(10, 'Groot'),
(11, 'Rocket'),
(12, 'AntMan'),
(13, 'Wanda'),
(14, 'DoctorStrange'),
(15, 'Mantis'),
(16, 'SpiderMan'),
(17, 'BlackPanther'),
(18, 'Falcon'),
(19, 'Bucky'),
(20, 'CapMarvel');

-- --------------------------------------------------------

--
-- Estructura de tabla para la tabla `tiene`
--

CREATE TABLE `tiene` (
  `caso_id` int(11) NOT NULL,
  `pelicula_id` int(11) NOT NULL,
  `created_at` timestamp NOT NULL DEFAULT current_timestamp()
) ENGINE=InnoDB DEFAULT CHARSET=latin1;

--
-- Volcado de datos para la tabla `tiene`
--

INSERT INTO `tiene` (`caso_id`, `pelicula_id`, `created_at`) VALUES
(1, 1, '2020-03-27 01:34:34'),
(2, 2, '2020-03-27 01:34:34'),
(3, 5, '2020-03-27 01:34:47'),
(4, 6, '2020-03-27 01:34:47'),
(5, 7, '2020-03-27 01:34:57'),
(6, 11, '2020-03-27 01:34:57'),
(7, 13, '2020-03-27 01:35:04'),
(8, 16, '2020-03-27 01:35:04'),
(9, 19, '2020-03-27 01:35:11'),
(10, 22, '2020-03-27 01:35:11'),
(11, 2, '2020-03-27 01:35:18'),
(12, 6, '2020-03-27 01:35:18'),
(13, 11, '2020-03-27 01:34:34'),
(14, 17, '2020-03-27 01:34:34'),
(15, 19, '2020-03-27 01:34:47'),
(16, 22, '2020-03-27 01:34:47'),
(17, 3, '2020-03-27 01:34:57'),
(18, 6, '2020-03-27 01:34:57'),
(19, 8, '2020-03-27 01:35:04'),
(20, 11, '2020-03-27 01:35:04'),
(21, 17, '2020-03-27 01:35:11'),
(22, 19, '2020-03-27 01:35:11'),
(23, 22, '2020-03-27 01:35:18'),
(24, 4, '2020-03-27 01:35:18'),
(25, 6, '2020-03-27 01:35:18'),
(26, 8, '2020-03-27 01:35:18'),
(27, 9, '2020-03-27 01:35:18'),
(28, 11, '2020-03-27 01:35:18'),
(29, 13, '2020-03-27 01:35:18'),
(30, 16, '2020-03-27 01:35:18'),
(31, 19, '2020-03-27 01:35:18'),
(32, 22, '2020-03-27 01:35:18'),
(33, 3, '2020-03-27 01:35:18'),
(34, 6, '2020-03-27 01:35:18'),
(35, 11, '2020-03-27 01:35:18'),
(36, 13, '2020-03-27 01:35:18'),
(37, 22, '2020-03-27 01:35:18'),
(38, 5, '2020-03-27 01:35:18'),
(39, 6, '2020-03-27 01:35:18'),
(40, 9, '2020-03-27 01:35:18'),
(41, 11, '2020-03-27 01:35:18'),
(42, 13, '2020-03-27 01:35:18'),
(43, 19, '2020-03-27 01:35:18'),
(44, 22, '2020-03-27 01:35:18'),
(45, 10, '2020-03-27 01:35:18'),
(46, 15, '2020-03-27 01:35:18'),
(47, 19, '2020-03-27 01:35:18'),
(48, 22, '2020-03-27 01:35:18'),
(49, 10, '2020-03-27 01:35:18'),
(50, 15, '2020-03-27 01:35:18'),
(51, 19, '2020-03-27 01:35:18'),
(52, 22, '2020-03-27 01:35:18'),
(53, 10, '2020-03-27 01:35:18'),
(54, 15, '2020-03-27 01:35:18'),
(55, 19, '2020-03-27 01:35:18'),
(56, 22, '2020-03-27 01:35:18'),
(57, 10, '2020-03-27 01:35:18'),
(58, 15, '2020-03-27 01:35:18'),
(59, 19, '2020-03-27 01:35:18'),
(60, 22, '2020-03-27 01:35:18'),
(61, 10, '2020-03-27 01:35:18'),
(62, 15, '2020-03-27 01:35:18'),
(63, 19, '2020-03-27 01:35:18'),
(64, 22, '2020-03-27 01:35:18'),
(65, 12, '2020-03-27 01:35:18'),
(66, 13, '2020-03-27 01:35:18'),
(67, 20, '2020-03-27 01:35:18'),
(68, 22, '2020-03-27 01:35:18'),
(69, 9, '2020-03-27 01:35:18'),
(70, 11, '2020-03-27 01:35:18'),
(71, 13, '2020-03-27 01:35:18'),
(72, 19, '2020-03-27 01:35:18'),
(73, 22, '2020-03-27 01:35:18'),
(74, 14, '2020-03-27 01:35:18'),
(75, 17, '2020-03-27 01:35:18'),
(76, 19, '2020-03-27 01:35:18'),
(77, 22, '2020-03-27 01:35:18'),
(78, 15, '2020-03-27 01:35:18'),
(79, 19, '2020-03-27 01:35:18'),
(80, 22, '2020-03-27 01:35:18'),
(81, 13, '2020-03-27 01:35:18'),
(82, 16, '2020-03-27 01:35:18'),
(83, 19, '2020-03-27 01:35:18'),
(84, 22, '2020-03-27 01:35:18'),
(85, 23, '2020-03-27 01:35:18'),
(86, 13, '2020-03-27 01:35:18'),
(87, 18, '2020-03-27 01:35:18'),
(88, 19, '2020-03-27 01:35:18'),
(89, 22, '2020-03-27 01:35:18'),
(90, 9, '2020-03-27 01:35:18'),
(91, 11, '2020-03-27 01:35:18'),
(92, 12, '2020-03-27 01:35:18'),
(93, 13, '2020-03-27 01:35:18'),
(94, 19, '2020-03-27 01:35:18'),
(95, 22, '2020-03-27 01:35:18'),
(96, 4, '2020-03-27 01:35:18'),
(97, 9, '2020-03-27 01:35:18'),
(98, 13, '2020-03-27 01:35:18'),
(99, 18, '2020-03-27 01:35:18'),
(100, 19, '2020-03-27 01:35:18'),
(101, 22, '2020-03-27 01:35:18'),
(102, 21, '2020-03-27 01:35:18'),
(103, 22, '2020-03-27 01:35:18');

--
-- Índices para tablas volcadas
--

--
-- Indices de la tabla `caso`
--
ALTER TABLE `caso`
  ADD PRIMARY KEY (`id`),
  ADD KEY `caso_heroe_index` (`heroe_id`);

--
-- Indices de la tabla `estado`
--
ALTER TABLE `pelicula`
  ADD PRIMARY KEY (`id`);

--
-- Indices de la tabla `lugar`
--
ALTER TABLE `heroe`
  ADD PRIMARY KEY (`id`);

--
-- Indices de la tabla `tiene`
--
ALTER TABLE `tiene`
  ADD KEY `caso_id` (`caso_id`),
  ADD KEY `pelicula_id` (`pelicula_id`);

--
-- AUTO_INCREMENT de las tablas volcadas
--

--
-- AUTO_INCREMENT de la tabla `caso`
--
ALTER TABLE `caso`
  MODIFY `id` int(24) NOT NULL AUTO_INCREMENT, AUTO_INCREMENT=13;

--
-- AUTO_INCREMENT de la tabla `estado`
--
ALTER TABLE `pelicula`
  MODIFY `id` int(24) NOT NULL AUTO_INCREMENT, AUTO_INCREMENT=5;

--
-- AUTO_INCREMENT de la tabla `lugar`
--
ALTER TABLE `heroe`
  MODIFY `id` int(24) NOT NULL AUTO_INCREMENT, AUTO_INCREMENT=7;

--
-- Restricciones para tablas volcadas
--

--
-- Filtros para la tabla `caso`
--
ALTER TABLE `caso`
  ADD CONSTRAINT `caso_heroe` FOREIGN KEY (`heroe_id`) REFERENCES `heroe` (`id`);

--
-- Filtros para la tabla `tiene`
--
ALTER TABLE `tiene`
  ADD CONSTRAINT `tiene_caso` FOREIGN KEY (`caso_id`) REFERENCES `caso` (`id`),
  ADD CONSTRAINT `tiene_pelicula` FOREIGN KEY (`pelicula_id`) REFERENCES `pelicula` (`id`);
SET FOREIGN_KEY_CHECKS=1;
COMMIT;

/*!40101 SET CHARACTER_SET_CLIENT=@OLD_CHARACTER_SET_CLIENT */;
/*!40101 SET CHARACTER_SET_RESULTS=@OLD_CHARACTER_SET_RESULTS */;
/*!40101 SET COLLATION_CONNECTION=@OLD_COLLATION_CONNECTION */;
